

# ~~start~~ Do not remove this comment, Prestashop will keep automatically the code outside this comment when .htaccess will be generated again
# .htaccess automaticaly generated by PrestaShop e-commerce open-source solution
# http://www.prestashop.com - http://www.prestashop.com/forums

<IfModule mod_rewrite.c>
<IfModule mod_env.c>
SetEnv HTTP_MOD_REWRITE On
</IfModule>
<IfModule mod_rewrite.c>
RewriteCond %{HTTPS} off
RewriteRule (.*) https://www.rodentia.es/$1 [R=301,L,QSA]

</IfModule>

RewriteEngine on
RewriteRule . - [E=REWRITEBASE:/]
RewriteRule ^api/?(.*)$ %{ENV:REWRITEBASE}webservice/dispatcher.php?url=$1 [QSA,L]      

# Images
RewriteRule ^([0-9])(\-[_a-zA-Z0-9-]*)?(-[0-9]+)?/.+\.jpg$ %{ENV:REWRITEBASE}img/p/$1/$1$2$3.jpg [L]
RewriteRule ^([0-9])([0-9])(\-[_a-zA-Z0-9-]*)?(-[0-9]+)?/.+\.jpg$ %{ENV:REWRITEBASE}img/p/$1/$2/$1$2$3$4.jpg [L]
RewriteRule ^([0-9])([0-9])([0-9])(\-[_a-zA-Z0-9-]*)?(-[0-9]+)?/.+\.jpg$ %{ENV:REWRITEBASE}img/p/$1/$2/$3/$1$2$3$4$5.jpg [L]
RewriteRule ^([0-9])([0-9])([0-9])([0-9])(\-[_a-zA-Z0-9-]*)?(-[0-9]+)?/.+\.jpg$ %{ENV:REWRITEBASE}img/p/$1/$2/$3/$4/$1$2$3$4$5$6.jpg [L]
RewriteRule ^([0-9])([0-9])([0-9])([0-9])([0-9])(\-[_a-zA-Z0-9-]*)?(-[0-9]+)?/.+\.jpg$ %{ENV:REWRITEBASE}img/p/$1/$2/$3/$4/$5/$1$2$3$4$5$6$7.jpg [L]
RewriteRule ^([0-9])([0-9])([0-9])([0-9])([0-9])([0-9])(\-[_a-zA-Z0-9-]*)?(-[0-9]+)?/.+\.jpg$ %{ENV:REWRITEBASE}img/p/$1/$2/$3/$4/$5/$6/$1$2$3$4$5$6$7$8.jpg [L]
RewriteRule ^([0-9])([0-9])([0-9])([0-9])([0-9])([0-9])([0-9])(\-[_a-zA-Z0-9-]*)?(-[0-9]+)?/.+\.jpg$ %{ENV:REWRITEBASE}img/p/$1/$2/$3/$4/$5/$6/$7/$1$2$3$4$5$6$7$8$9.jpg [L]
RewriteRule ^([0-9])([0-9])([0-9])([0-9])([0-9])([0-9])([0-9])([0-9])(\-[_a-zA-Z0-9-]*)?(-[0-9]+)?/.+\.jpg$ %{ENV:REWRITEBASE}img/p/$1/$2/$3/$4/$5/$6/$7/$8/$1$2$3$4$5$6$7$8$9$10.jpg [L]
RewriteRule ^c/([0-9]+)(\-[\.*_a-zA-Z0-9-]*)(-[0-9]+)?/.+\.jpg$ %{ENV:REWRITEBASE}img/c/$1$2$3.jpg [L]
RewriteRule ^c/([a-zA-Z_-]+)(-[0-9]+)?/.+\.jpg$ %{ENV:REWRITEBASE}img/c/$1$2.jpg [L]
# AlphaImageLoader for IE and fancybox
RewriteRule ^images_ie/?([^/]+)\.(jpe?g|png|gif)$ js/jquery/plugins/fancybox/images/$1.$2 [L]

# Dispatcher
RewriteCond %{REQUEST_FILENAME} -s [OR]
RewriteCond %{REQUEST_FILENAME} -l [OR]
RewriteCond %{REQUEST_FILENAME} -d
RewriteRule ^.*$ - [NC,L]
RewriteRule ^.*$ %{ENV:REWRITEBASE}index.php [NC,L]
</IfModule>

AddType application/vnd.ms-fontobject .eot
AddType font/ttf .ttf
AddType font/otf .otf
AddType application/x-font-woff .woff

<IfModule mod_expires.c>
	ExpiresActive On
	ExpiresByType image/gif "access plus 1 month"
	ExpiresByType image/jpeg "access plus 1 month"
	ExpiresByType image/png "access plus 1 month"
	ExpiresByType text/css "access plus 1 week"
	ExpiresByType text/javascript "access plus 1 week"
	ExpiresByType application/javascript "access plus 1 week"
	ExpiresByType application/x-javascript "access plus 1 week"
	ExpiresByType image/x-icon "access plus 1 year"
	ExpiresByType image/svg+xml "access plus 1 year"
	ExpiresByType image/vnd.microsoft.icon "access plus 1 year"
	ExpiresByType application/font-woff "access plus 1 year"
	ExpiresByType application/x-font-woff "access plus 1 year"
	ExpiresByType application/vnd.ms-fontobject "access plus 1 year"
	ExpiresByType font/opentype "access plus 1 year"
	ExpiresByType font/ttf "access plus 1 year"
	ExpiresByType font/otf "access plus 1 year"
	ExpiresByType application/x-font-ttf "access plus 1 year"
	ExpiresByType application/x-font-otf "access plus 1 year"
</IfModule>

FileETag INode MTime Size
<IfModule mod_deflate.c>
	<IfModule mod_filter.c>
		AddOutputFilterByType DEFLATE text/html text/css text/javascript application/javascript application/x-javascript
	</IfModule>
</IfModule>

#If rewrite mod isn't enabled
ErrorDocument 404 /index.php?controller=404

# ~~end~~ Do not remove this comment, Prestashop will keep automatically the code outside this comment when .htaccess will be generated again

RewriteCond %{HTTP_HOST} ^cd1\.rodentia\.es$ [OR]
RewriteCond %{HTTP_HOST} ^www\.cd1\.rodentia\.es$
RewriteRule ^/?$ "http\:\/\/www\.rodentia\.es" [R=301,L]

RewriteCond %{HTTP_HOST} ^cd2\.rodentia\.es$ [OR]
RewriteCond %{HTTP_HOST} ^www\.cd2\.rodentia\.es$
RewriteRule ^/?$ "http\:\/\/www\.rodentia\.es" [R=301,L]

RewriteCond %{HTTP_HOST} ^cd3\.rodentia\.es$ [OR]
RewriteCond %{HTTP_HOST} ^www\.cd3\.rodentia\.es$
RewriteRule ^/?$ "http\:\/\/www\.rodentia\.es" [R=301,L]



#ifModule mod_gzip.c>
#od_gzip_on Yes
#od_gzip_dechunk Yes
#od_gzip_item_include file .(html?|txt|css|js|php|pl)$
#od_gzip_item_include handler ^cgi-script$
#od_gzip_item_include mime ^text/.*
#od_gzip_item_include mime ^application/x-javascript.*
#od_gzip_item_exclude mime ^image/.*
#od_gzip_item_exclude rspheader ^Content-Encoding:.*gzip.*
#/ifModule>



<ifModule mod_headers.c>
    Header set Connection keep-alive
</ifModule>



<IfModule mod_deflate.c>
    #The following line is enough for .js and .css
    AddOutputFilter DEFLATE js css

    #The following line also enables compression by file content type, for the following list of Content-Type:s
    AddOutputFilterByType DEFLATE text/html text/plain text/xml application/xml

    #The following lines are to avoid bugs with some browsers
    BrowserMatch ^Mozilla/4 gzip-only-text/html
    BrowserMatch ^Mozilla/4\.0[678] no-gzip
    BrowserMatch \bMSIE !no-gzip !gzip-only-text/html 
</IfModule>


<IfModule mod_headers.c>
<FilesMatch "\.(js|css|gz)$">
 Header append Vary: Accept-Encoding
</FilesMatch>
</IfModule>


<IfModule mod_headers.c>
<FilesMatch "\.(php)$">
 Header set Cache-Control "max-age=300"
 Header append Vary: Accept-Encoding
</FilesMatch>
</IfModule>










# BORRAR EN UN TIEMPO
Redirect 301 /perros/pienso-a-domicilio/ https://www.rodentia.es/perros/pienso/
Redirect 301 /perros/pienso-a-granel/  https://www.rodentia.es/perros/pienso/
Redirect 301 /perros/pienso-natural/ https://www.rodentia.es/perros/pienso/
Redirect 301 /perros/pienso-bajo-en-grasas/ https://www.rodentia.es/perros/pienso/
Redirect 301 /perros/pienso-barato/ https://www.rodentia.es/perros/pienso/
Redirect 301 /perros/pienso-bueno/ https://www.rodentia.es/perros/pienso/
Redirect 301 /perros/pienso-bueno/       https://www.rodentia.es/perros/pienso/
Redirect 301 /perros/pienso-de-alta-energia/       https://www.rodentia.es/perros/pienso/
Redirect 301 /perros/pienso-de-alta-gama/ https://www.rodentia.es/perros/pienso/
Redirect 301 /perros/pienso-de-marca-blanca/  https://www.rodentia.es/perros/pienso/
Redirect 301 /perros/pienso-saludable/  https://www.rodentia.es/perros/pienso/
Redirect 301 /perros/pienso-premium/  https://www.rodentia.es/perros/pienso/
Redirect 301 /perros/pienso-saciante/  https://www.rodentia.es/perros/pienso/
Redirect 301 /perros/pienso-low-cost/  https://www.rodentia.es/perros/pienso/
Redirect 301 /perros/pienso-light/  https://www.rodentia.es/perros/pienso/
Redirect 301 /perros/pienso-para-perros-de-caza/  https://www.rodentia.es/perros/pienso/
Redirect 301 /perros/pienso-para-rehalas/  https://www.rodentia.es/perros/pienso/
Redirect 301 /perros/pienso-sin-gastos-de-envio/  https://www.rodentia.es/perros/pienso/
Redirect 301 /perros/pienso-dietetico/  https://www.rodentia.es/perros/pienso/
Redirect 301 /perros/pienso-ecologico/  https://www.rodentia.es/perros/pienso/



Redirect 301 /perros/abrigos/ https://www.rodentia.es/abrigos-para-perros/
Redirect 301 /perros/capas/ https://www.rodentia.es/capas-para-perros/
Redirect 301 /perros/chubasqueros/ https://www.rodentia.es/chubasqueros-para-perros/
Redirect 301 /perros/disfraces/ https://www.rodentia.es/disfraces-para-perros/
Redirect 301 /perros/impermeables/ https://www.rodentia.es/impermeables-para-perros/
Redirect 301 /perros/vestidos/ https://www.rodentia.es/vestidos-para-perros/
Redirect 301 /perros/camisetas/ https://www.rodentia.es/camisetas-para-perros/

Redirect 301 /perros/sofas/ https://www.rodentia.es/camas-para-perros/
Redirect 301 /perros/cunas/ https://www.rodentia.es/camas-para-perros/
Redirect 301 /perros/colchonetas/ https://www.rodentia.es/camas-para-perros/
Redirect 301 /perros/colchones/ https://www.rodentia.es/camas-para-perros/
Redirect 301 /perros/cojines/ https://www.rodentia.es/camas-para-perros/
Redirect 301 /perros/camas-originales/ https://www.rodentia.es/camas-para-perros/
Redirect 301 /perros/camas-viscoelasticas/ https://www.rodentia.es/camas-para-perros/
Redirect 301 /perros/camas-plegables/ https://www.rodentia.es/camas-para-perros/
Redirect 301 /perros/camas-baratas/ https://www.rodentia.es/camas-para-perros/
Redirect 301 /perros/camas-ergonomicas/ https://www.rodentia.es/camas-para-perros/
Redirect 301 /perros/camas-hipoalergenicas/ https://www.rodentia.es/camas-para-perros/
Redirect 301 /perros/camas-impermeables/ https://www.rodentia.es/camas-para-perros/




Redirect 301 /perros/pelotas/ https://www.rodentia.es/pelotas-para-perros/
Redirect 301 /perros/frisbees/ https://www.rodentia.es/frisbees-para-perros/

Redirect 301 /perros/huesos-de-juguete/ https://www.rodentia.es/huesos-de-juguete-para-perros/
Redirect 301 /perros/peluches/ https://www.rodentia.es/peluches-para-perros/

Redirect 301 /perros/antiparasitarios-ecologicos/ https://www.rodentia.es/antiparasitarios-ecologicos-para-perros/
Redirect 301 /perros/antiparasitarios-ambientales/ https://www.rodentia.es/antiparasitarios-ambientales-para-perros/
Redirect 301 /perros/antiparasitarios-externos/ https://www.rodentia.es/antiparasitarios-externos-para-perros/
Redirect 301 /perros/antiparasitarios-internos/ https://www.rodentia.es/antiparasitarios-internos-para-perros/
Redirect 301 /perros/desinfectantes/ https://www.rodentia.es/desinfectantes-para-perros/
Redirect 301 /perros/antiparasitarios-naturales/ https://www.rodentia.es/antiparasitarios-naturales-para-perros/
Redirect 301 /perros/collares-antipulgas/ https://www.rodentia.es/collares-antipulgas-para-perros/
Redirect 301 /perros/collares-antiparasitarios/ https://www.rodentia.es/collares-antiparasitarios-para-perros/
Redirect 301 /perros/pipetas/ https://www.rodentia.es/pipetas-para-perros/
Redirect 301 /perros/cuerdas/ https://www.rodentia.es/cuerdas-para-perros/
Redirect 301 /perros/aros/ https://www.rodentia.es/aros-para-perros/
Redirect 301 /perros/juguetes-interactivos/ https://www.rodentia.es/juguetes-interactivos-para-perros/
Redirect 301 /perros/aerosoles-antipulgas/ https://www.rodentia.es/aerosoles-antipulgas-para-perros/
Redirect 301 /perros/antipulgas/ https://www.rodentia.es/antipulgas-para-perros/
Redirect 301 /perros/acaricidas/ https://www.rodentia.es/aerosoles-acaricidas-para-perros/
Redirect 301 /perros/antipiojos/ https://www.rodentia.es/antipiojos-para-perros/
Redirect 301 /perros/garrapaticidas/ https://www.rodentia.es/garrapaticidas-para-perros/
Redirect 301 /perros/pipetas-antipulgas/ https://www.rodentia.es/pipetas-antipulgas-para-perros/
Redirect 301 /perros/insecticidas/ https://www.rodentia.es/insecticidas-para-perros/


Redirect 301 /perros/collares-de-adiestramiento/ https://www.rodentia.es/collares-de-adiestramiento-para-perros/
Redirect 301 /perros/collares-de-metal/ https://www.rodentia.es/collares-de-metal-para-perros/
Redirect 301 /perros/collares-de-cuero/ https://www.rodentia.es/collares-de-cuero-para-perros/
Redirect 301 /perros/collares-de-piel/ https://www.rodentia.es/collares-de-piel-para-perros/
Redirect 301 /perros/collares-de-acero/ https://www.rodentia.es/collares-de-acero-para-perros/
Redirect 301 /perros/collares-de-nylon/ https://www.rodentia.es/collares-de-nylon-para-perros/
Redirect 301 /perros/collares-electricos/ https://www.rodentia.es/collares-electricos-para-perros/
Redirect 301 /perros/collares-originales/ https://www.rodentia.es/collares-originales-para-perros/
Redirect 301 /perros/collares-de-plastico/ https://www.rodentia.es/collares-de-plastico-para-perros/
Redirect 301 /perros/collares-reflectantes/ https://www.rodentia.es/collares-reflectantes-para-perros/
Redirect 301 /perros/collares-led/ https://www.rodentia.es/collares-led-para-perros/
Redirect 301 /perros/collares-halti/ https://www.rodentia.es/collares-halti-para-perros/
Redirect 301 /perros/collares-especiales/ https://www.rodentia.es/collares-especiales-para-perros/
Redirect 301 /perros/collares-unicos/ https://www.rodentia.es/collares-unicos-para-perros/
Redirect 301 /perros/collares-personalizados/ https://www.rodentia.es/collares-personalizados-para-perros/
Redirect 301 /perros/collares-economicos/ https://www.rodentia.es/collares-economicos-para-perros/
Redirect 301 /perros/collares-metalicos/ https://www.rodentia.es/collares-metalicos-para-perros/
Redirect 301 /perros/collares-de-rehala/ https://www.rodentia.es/collares-de-rehala-para-perros/
Redirect 301 /perros/collares-grabados/ https://www.rodentia.es/collares-grabados-para-perros/
Redirect 301 /perros/casetas-de-madera/ https://www.rodentia.es/casetas-de-madera-para-perros/
Redirect 301 /perros/collares-baratos/ https://www.rodentia.es/collares-baratos-para-perros/
Redirect 301 /perros/casetas-baratas/ https://www.rodentia.es/casetas-baratas-para-perros/
Redirect 301 /perros/casetas-de-jardin/ https://www.rodentia.es/casetas-de-jardin-para-perros/
Redirect 301 /perros/casetas-de-plastico/ https://www.rodentia.es/casetas-de-plastico-para-perros/
Redirect 301 /perros/casetas-grandes/ https://www.rodentia.es/casetas-grandes-para-perros/
Redirect 301 /perros/casetas-impermeables/ https://www.rodentia.es/casetas-impermeables-para-perros/

Redirect 301 /perros/vitaminas/ https://www.rodentia.es/vitaminas-para-perros/
Redirect 301 /perros/vitaminas-naturales/ https://www.rodentia.es/vitaminas-naturales-para-perros/
Redirect 301 /perros/calcio/ https://www.rodentia.es/calcio-para-perros/
Redirect 301 /perros/minerales/ https://www.rodentia.es/minerales-para-perros/
Redirect 301 /perros/leche-maternizada/ https://www.rodentia.es/leche-maternizada-para-perros/
Redirect 301 /perros/leche-sustituta/ https://www.rodentia.es/leche-sustituta-para-perros/
Redirect 301 /perros/acidos-grasos/ https://www.rodentia.es/acidos-grasos-para-perros/
Redirect 301 /perros/aceites-esenciales/ https://www.rodentia.es/aceites-esenciales-para-perros/
Redirect 301 /perros/omega-3/ https://www.rodentia.es/omega-3-para-perros/
Redirect 301 /perros/condroprotectores/ https://www.rodentia.es/condroprotectores-para-perros/

Redirect 301 /perros/transportines-baratos/ https://www.rodentia.es/transportines-baratos-para-perros/
Redirect 301 /perros/transportines-con-ruedas/ https://www.rodentia.es/transportines-con-ruedas-para-perros/
Redirect 301 /perros/transportines-de-plastico/ https://www.rodentia.es/transportines-de-plastico-para-perros/
Redirect 301 /perros/transportines-metalicos/ https://www.rodentia.es/transportines-metalicos-para-perros/
Redirect 301 /perros/transportines-homologados/ https://www.rodentia.es/transportines-homologados-para-perros/
Redirect 301 /perros/transportines-dobles/ https://www.rodentia.es/transportines-dobles-para-perros/
Redirect 301 /perros/transportines-en-oferta/ https://www.rodentia.es/transportines-en-oferta-para-perros/
Redirect 301 /perros/transportines-economicos/ https://www.rodentia.es/transportines-economicos-para-perros/
Redirect 301 /perros/transportines-iata/ https://www.rodentia.es/transportines-iata-para-perros/
Redirect 301 /perros/boxes/ https://www.rodentia.es/boxes-para-perros/
Redirect 301 /perros/jaulas-baratas/ https://www.rodentia.es/jaulas-baratas-para-perros/
Redirect 301 /perros/jaulas-de-viaje/ https://www.rodentia.es/jaulas-de-viaje-para-perros/
Redirect 301 /perros/jaulas-plegables/ https://www.rodentia.es/jaulas-plegables-para-perros/
Redirect 301 /perros/huesos/ https://www.rodentia.es/huesos-para-perros/
Redirect 301 /perros/barritas/ https://www.rodentia.es/barritas-para-perros/
Redirect 301 /perros/chocolate/ https://www.rodentia.es/chocolate-para-perros/
Redirect 301 /perros/chucherias/ https://www.rodentia.es/chucherias-para-perros/
Redirect 301 /perros/galletas-caseras/ https://www.rodentia.es/galletas-caseras-para-perros/
Redirect 301 /perros/galletas-naturales/ https://www.rodentia.es/galletas-naturales-para-perros/
Redirect 301 /perros/galletas/ https://www.rodentia.es/galletas-para-perros/
Redirect 301 /perros/golosinas-caseras/ https://www.rodentia.es/golosinas-caseras-para-perros/
Redirect 301 /perros/golosinas/ https://www.rodentia.es/golosinas-para-perros/
Redirect 301 /perros/snacks-baratos/ https://www.rodentia.es/snacks-baratos-para-perros/
Redirect 301 /perros/huesos-prensados/ https://www.rodentia.es/huesos-prensados-para-perros/
Redirect 301 /perros/huesos-naturales/ https://www.rodentia.es/huesos-naturales-para-perros/
Redirect 301 /perros/huesos-de-cuero/ https://www.rodentia.es/huesos-de-cuero-para-perros/
Redirect 301 /perros/huesos-comestibles/ https://www.rodentia.es/huesos-comestibles-para-perros/
Redirect 301 /perros/bolsas-ecologicas/ https://www.rodentia.es/bolsas-ecologicas-para-perros/
Redirect 301 /perros/bolsas-higienicas/ https://www.rodentia.es/bolsas-higienicas-para-perros/
Redirect 301 /perros/cardas/ https://www.rodentia.es/cardas-para-perros/
Redirect 301 /perros/cepillos/ https://www.rodentia.es/cepillos-para-perros/
Redirect 301 /perros/peines/ https://www.rodentia.es/peines-para-perros/
Redirect 301 /perros/cepillos-de-dientes/ https://www.rodentia.es/cepillos-de-dientes-para-perros/
Redirect 301 /perros/gel/ https://www.rodentia.es/gel-para-perros/
Redirect 301 /perros/cosmeticos/ https://www.rodentia.es/cosmeticos-para-perros/
Redirect 301 /perros/repelentes/ https://www.rodentia.es/repelentes-para-perros/
Redirect 301 /perros/pasta-de-dientes/ https://www.rodentia.es/pasta-de-dientes-para-perros/
Redirect 301 /perros/champus/ https://www.rodentia.es/champus-para-perros/
Redirect 301 /perros/colonia/ https://www.rodentia.es/colonia-para-perros/
Redirect 301 /perros/perfumes/ https://www.rodentia.es/perfumes-para-perros/
Redirect 301 /perros/repelentes-de-micciones/ https://www.rodentia.es/repelentes-de-micciones-para-perros/
Redirect 301 /perros/cortapelos/ https://www.rodentia.es/cortapelos-para-perros/
Redirect 301 /perros/cortaunas/ https://www.rodentia.es/cortaunas-para-perros/
Redirect 301 /perros/empapadores-baratos/ https://www.rodentia.es/empapadores-baratos-para-perros/
Redirect 301 /perros/manoplas/ https://www.rodentia.es/manoplas-para-perros/
Redirect 301 /perros/panales/ https://www.rodentia.es/panales-para-perros/
Redirect 301 /perros/toallitas/ https://www.rodentia.es/toallitas-para-perros/
Redirect 301 /perros/porta-bolsas/ https://www.rodentia.es/porta-bolsas-para-perros/



Redirect 301 /gatos/bandejas/ https://www.rodentia.es/bandejas-para-gatos/
Redirect 301 /gatos/areneros-altos/ https://www.rodentia.es/areneros-altos-para-gatos/
Redirect 301 /gatos/areneros-automaticos/ https://www.rodentia.es/areneros-automaticos-para-gatos/
Redirect 301 /gatos/areneros-autolavables/ https://www.rodentia.es/areneros-autolavables-para-gatos/
Redirect 301 /gatos/areneros-autolimpiables/ https://www.rodentia.es/areneros-autolimpiables-para-gatos/
Redirect 301 /gatos/areneros-abiertos/ https://www.rodentia.es/areneros-abiertos-para-gatos/
Redirect 301 /gatos/areneros-baratos/ https://www.rodentia.es/areneros-baratos-para-gatos/
Redirect 301 /gatos/areneros-cubiertos/ https://www.rodentia.es/areneros-cubiertos-para-gatos/
Redirect 301 /gatos/areneros-cerrados/ https://www.rodentia.es/areneros-cerrados-para-gatos/
Redirect 301 /gatos/areneros-caseros/ https://www.rodentia.es/areneros-caseros-para-gatos/
Redirect 301 /gatos/areneros-grandes/ https://www.rodentia.es/areneros-grandes-para-gatos/
Redirect 301 /gatos/areneros-originales/ https://www.rodentia.es/areneros-originales-para-gatos/
Redirect 301 /gatos/areneros-ocultos/ https://www.rodentia.es/areneros-ocultos-para-gatos/
Redirect 301 /gatos/areneros-pequenos/ https://www.rodentia.es/areneros-pequenos-para-gatos/
Redirect 301 /gatos/areneros-con-tapa/ https://www.rodentia.es/areneros-con-tapa-para-gatos/
Redirect 301 /gatos/bandejas-sanitarias/ https://www.rodentia.es/bandejas-sanitarias-para-gatos/
Redirect 301 /gatos/areneros-desechables/ https://www.rodentia.es/areneros-desechables-para-gatos/
Redirect 301 /gatos/areneros-de-diseno/ https://www.rodentia.es/areneros-de-diseno-para-gatos/
Redirect 301 /gatos/areneros-de-segunda-mano/ https://www.rodentia.es/areneros-de-segunda-mano-para-gatos/
Redirect 301 /gatos/bandejas-higienicas/ https://www.rodentia.es/bandejas-higienicas-para-gatos/
Redirect 301 /gatos/bandejas-cubiertas/ https://www.rodentia.es/bandejas-cubiertas-para-gatos/
Redirect 301 /gatos/bandejas-cerradas/ https://www.rodentia.es/bandejas-cerradas-para-gatos/
Redirect 301 /gatos/bandejas-de-arena/ https://www.rodentia.es/bandejas-de-arena-para-gatos/
Redirect 301 /gatos/bandejas-grandes/ https://www.rodentia.es/bandejas-grandes-para-gatos/
Redirect 301 /gatos/bandejas-de-plastico/ https://www.rodentia.es/bandejas-de-plastico-para-gatos/
Redirect 301 /gatos/bandejas-baratas/ https://www.rodentia.es/bandejas-baratas-para-gatos/

Redirect 301 /gatos/arboles-rascadores/ https://www.rodentia.es/arboles-rascadores-para-gatos/
Redirect 301 /gatos/postes-rascadores/ https://www.rodentia.es/postes-rascadores-para-gatos/
Redirect 301 /gatos/muebles-rascadores/ https://www.rodentia.es/muebles-rascadores-para-gatos/
Redirect 301 /gatos/tablas-rascadoras/ https://www.rodentia.es/tablas-rascadoras-para-gatos/
Redirect 301 /gatos/rascadores-baratos/ https://www.rodentia.es/rascadores-baratos-para-gatos/
Redirect 301 /gatos/rascadores-caseros/ https://www.rodentia.es/rascadores-caseros-para-gatos/
Redirect 301 /gatos/rascadores-de-madera/ https://www.rodentia.es/rascadores-de-madera-para-gatos/
Redirect 301 /gatos/rascadores-de-carton/ https://www.rodentia.es/rascadores-de-carton-para-gatos/
Redirect 301 /gatos/rascadores-de-pared/ https://www.rodentia.es/rascadores-de-pared-para-gatos/
Redirect 301 /gatos/rascadores-de-esquina/ https://www.rodentia.es/rascadores-de-esquina-para-gatos/
Redirect 301 /gatos/rascadores-esquineros/ https://www.rodentia.es/rascadores-esquineros-para-gatos/
Redirect 301 /gatos/rascadores-economicos/ https://www.rodentia.es/rascadores-economicos-para-gatos/
Redirect 301 /gatos/rascadores-artesanales/ https://www.rodentia.es/rascadores-artesanales-para-gatos/
Redirect 301 /gatos/rascadores-grandes/ https://www.rodentia.es/rascadores-grandes-para-gatos/
Redirect 301 /gatos/rascadores-naturales/ https://www.rodentia.es/rascadores-naturales-para-gatos/
Redirect 301 /gatos/rascadores-originales/ https://www.rodentia.es/rascadores-originales-para-gatos/
Redirect 301 /gatos/rascadores-en-oferta/ https://www.rodentia.es/rascadores-en-oferta-para-gatos/
Redirect 301 /gatos/rascadores-modernos/ https://www.rodentia.es/rascadores-modernos-para-gatos/
Redirect 301 /gatos/comida-humeda-barata/ https://www.rodentia.es/comida-humeda-barata-para-gatos/
Redirect 301 /gatos/comida-humeda-casera/ https://www.rodentia.es/comida-humeda-casera-para-gatos/
Redirect 301 /gatos/comida-humeda-de-alta-calidad/ https://www.rodentia.es/comida-humeda-de-alta-calidad-para-gatos/
Redirect 301 /gatos/comida-humeda-hipoalergenica/ https://www.rodentia.es/comida-humeda-hipoalergenica-para-gatos/
Redirect 301 /gatos/latas/ https://www.rodentia.es/latas-para-gatos/
Redirect 301 /gatos/tarrinas/ https://www.rodentia.es/tarrinas-para-gatos/
Redirect 301 /gatos/comida-humeda-natural/ https://www.rodentia.es/comida-humeda-natural-para-gatos/
Redirect 301 /gatos/pate/ https://www.rodentia.es/pate-para-gatos/

Redirect 301 /gatos/gel-de-silice/ https://www.rodentia.es/gel-de-silice-para-gatos/
Redirect 301 /gatos/perlas-absorbentes/ https://www.rodentia.es/perlas-absorbentes-para-gatos/
Redirect 301 /gatos/perlas-de-silice/ https://www.rodentia.es/perlas-de-silice-para-gatos/
Redirect 301 /gatos/perlas-sanitarias/ https://www.rodentia.es/perlas-sanitarias-para-gatos/
Redirect 301 /gatos/grava/ https://www.rodentia.es/grava-para-gatos/
Redirect 301 /gatos/gravilla/ https://www.rodentia.es/gravilla-para-gatos/
Redirect 301 /gatos/arena/ https://www.rodentia.es/arena-para-gatos/
Redirect 301 /gatos/arena-higienica/ https://www.rodentia.es/arena-higienica-para-gatos/
Redirect 301 /gatos/arena-absorbente/ https://www.rodentia.es/arena-absorbente-para-gatos/
Redirect 301 /gatos/arena-sanitaria/ https://www.rodentia.es/arena-sanitaria-para-gatos/
Redirect 301 /gatos/arena-aglomerante/ https://www.rodentia.es/arena-aglomerante-para-gatos/
Redirect 301 /gatos/arena-a-granel/ https://www.rodentia.es/arena-a-granel-para-gatos/
Redirect 301 /gatos/arena-biodegradable/ https://www.rodentia.es/arena-biodegradable-para-gatos/
Redirect 301 /gatos/arena-barata/ https://www.rodentia.es/arena-barata-para-gatos/
Redirect 301 /gatos/arena-casera/ https://www.rodentia.es/arena-casera-para-gatos/
Redirect 301 /gatos/arena-de-maiz/ https://www.rodentia.es/arena-de-maiz-para-gatos/
Redirect 301 /gatos/arena-de-silice/ https://www.rodentia.es/arena-de-silice-para-gatos/
Redirect 301 /gatos/arena-ecologica/ https://www.rodentia.es/arena-ecologica-para-gatos/
Redirect 301 /gatos/arena-economica/ https://www.rodentia.es/arena-economica-para-gatos/
Redirect 301 /gatos/arena-natural/ https://www.rodentia.es/arena-natural-para-gatos/
Redirect 301 /gatos/arena-organica/ https://www.rodentia.es/arena-organica-para-gatos/
Redirect 301 /gatos/arena-vegetal/ https://www.rodentia.es/arena-vegetal-para-gatos/
Redirect 301 /gatos/arena-de-bentonita/ https://www.rodentia.es/arena-de-bentonita-para-gatos/
Redirect 301 /gatos/malta/ https://www.rodentia.es/malta-para-gatos/
Redirect 301 /gatos/malta-barata/ https://www.rodentia.es/malta-barata-para-gatos/
Redirect 301 /gatos/malta-natural/ https://www.rodentia.es/malta-natural-para-gatos/
Redirect 301 /gatos/malta-sin-azucar/ https://www.rodentia.es/malta-sin-azucar-para-gatos/
Redirect 301 /gatos/malta-casera/ https://www.rodentia.es/malta-casera-para-gatos/
Redirect 301 /gatos/ratones-de-juguete/ https://www.rodentia.es/ratones-de-juguete-para-gatos/
Redirect 301 /gatos/rascadores-de-segunda-mano/ https://www.rodentia.es/rascadores-de-segunda-mano-para-gatos/






# NO ELIMINAR NUNCA
Redirect 301 /perros/comederos/bebedero-portatil-hawai.html  https://www.rodentia.es
Redirect 301 /perros/camas/ https://www.rodentia.es/camas-para-perros/
Redirect 301 /perros/pienso/ https://www.rodentia.es/pienso-para-perros/
Redirect 301 /perros/transportines/ https://www.rodentia.es/transportines-para-perros/
Redirect 301 /perros/antiparasitarios/ https://www.rodentia.es/antiparasitarios-para-perros/
Redirect 301 /perros/collares/ https://www.rodentia.es/collares-para-perros/
Redirect 301 /perros/correas/ https://www.rodentia.es/correas-para-perros/
Redirect 301 /perros/arneses/ https://www.rodentia.es/arneses-para-perros/
Redirect 301 /perros/comederos/ https://www.rodentia.es/comederos-para-perros/
Redirect 301 /perros/casetas/ https://www.rodentia.es/casetas-para-perros/
Redirect 301 /perros/ropa/ https://www.rodentia.es/ropa-para-perros/
Redirect 301 /perros/jaulas-y-perreras/ https://www.rodentia.es/jaulas-para-perros/
Redirect 301 /perros/bozales/ https://www.rodentia.es/bozales-para-perros/


Redirect 301 /gatos/rascadores/ https://www.rodentia.es/rascadores-para-gatos/
Redirect 301 /gatos/areneros/ https://www.rodentia.es/areneros-para-gatos/
Redirect 301 /gatos/lechos/ https://www.rodentia.es/lechos-para-gatos/

Redirect 301 /peces/calefaccion/ https://www.rodentia.es/calefaccion-para-acuarios/

Redirect 301 /pajaros/nidos/ https://www.rodentia.es/nidos-para-pajaros/     

Redirect 301 /reptiles/sustratos/ https://www.rodentia.es/sustratos-para-terrarios/